url,http_status,canonical,robots,in_sitemap,html_lang,source,editorial_action,title,rendered_page_words
https://ap3k.com/blog/10-ways-ap3k-helps-you-automate-and-scale-instagram-marketing,200,https://ap3k.com/blog/10-ways-ap3k-helps-you-automate-and-scale-instagram-marketing,"index, follow",True,en,imported archive,original rewrite October 9,10 Ways AP3K Helps You Automate and Scale Instagram Marketing | AP3K,854
https://ap3k.com/blog/2025-instagram-engagement-hack-guide,200,https://ap3k.com/blog/2025-instagram-engagement-hack-guide,"index, follow",True,en,imported archive,retain; imported provenance needs editorial review,Mastering the 2025 Instagram Engagement Hack | AP3K,1884
https://ap3k.com/blog/5-reasons-your-instagram-gets-suspended-and-how-to-avoid-it,200,https://ap3k.com/blog/5-reasons-your-instagram-gets-suspended-and-how-to-avoid-it,"index, follow",True,en,imported archive,retain; imported provenance needs editorial review,5 Reasons Your Instagram Gets Suspended & How to Avoid It | AP3K,2320
https://ap3k.com/blog/7-creative-list-of-content-ideas-instagram-growth,200,https://ap3k.com/blog/7-creative-list-of-content-ideas-instagram-growth,"index, follow",True,en,imported archive,retain; imported provenance needs editorial review,7 Creative List of Content Ideas for Instagram Growth | AP3K,2579
https://ap3k.com/blog/7-engaging-instagram-engagement-story-ideas,200,https://ap3k.com/blog/7-engaging-instagram-engagement-story-ideas,"index, follow",True,en,imported archive,retain; imported provenance needs editorial review,7 Engaging Instagram Story Ideas to Boost Your Reach | AP3K,3442
https://ap3k.com/blog/7-key-metrics-to-track-for-instagram-growth,200,https://ap3k.com/blog/7-key-metrics-to-track-for-instagram-growth,"index, follow",True,en,imported archive,retain; imported provenance needs editorial review,7 Key Metrics to Track for Instagram Growth | AP3K,2874
https://ap3k.com/blog/7-reasons-why-dm-automation-is-essential,200,https://ap3k.com/blog/7-reasons-why-dm-automation-is-essential,"index, follow",True,en,imported archive,retain; imported provenance needs editorial review,7 Reasons Why DM Automation is Essential for Instagram Growth in 2025 | AP3K,901
https://ap3k.com/blog/advanced-dm-automation-flow-instagram,200,https://ap3k.com/blog/advanced-dm-automation-flow-instagram,"index, follow",True,en,imported archive,retain; imported provenance needs editorial review,Advanced DM Automation Flow: Transforming Instagram Engagement | AP3K,2003
https://ap3k.com/blog/advantages-ai-auto-replies-instagram,200,https://ap3k.com/blog/advantages-ai-auto-replies-instagram,"index, follow",True,en,imported archive,retain; imported provenance needs editorial review,Advantages of AI Auto-Replies for Instagram Growth | AP3K,2174
https://ap3k.com/blog/ai-chatbots-vs-human-agents,200,https://ap3k.com/blog/ai-chatbots-vs-human-agents,"index, follow",True,en,imported archive,retain; imported provenance needs editorial review,AI Chatbots vs Human Agents: Impact on Instagram Growth | AP3K,2350
https://ap3k.com/blog/ai-dms-sales-funnel-guide,200,https://ap3k.com/blog/ai-dms-sales-funnel-guide,"index, follow",True,en,imported archive,retain; imported provenance needs editorial review,The Essential Guide to AI + DMs for Sales Funnels | AP3K,1817
https://ap3k.com/blog/ai-instagram-dm-autoresponder,200,https://ap3k.com/blog/ai-instagram-dm-autoresponder,"index, follow",True,en,AP3K source,retain,Build an AI Instagram DM Autoresponder With Reliable Answers | AP3K,643
https://ap3k.com/blog/ai-sales-agent-instagram-2025,200,https://ap3k.com/blog/ai-sales-agent-instagram-2025,"index, follow",True,en,imported archive,retain; imported provenance needs editorial review,AI Sales Agent: Boosting Instagram Sales in 2025 | AP3K,2039
https://ap3k.com/blog/ai-vs-human-dm-sales-what-actually-converts-more-in-2026,200,https://ap3k.com/blog/ai-vs-human-dm-sales-what-actually-converts-more-in-2026,"index, follow",True,en,imported archive,retain; imported provenance needs editorial review,AI vs Human DM Sales: What Actually Converts More in 2026? | AP3K,2545
https://ap3k.com/blog/analytics-for-instagram-marketers,200,https://ap3k.com/blog/analytics-for-instagram-marketers,"index, follow",True,en,imported archive,retain; imported provenance needs editorial review,Analytics for Instagram Marketers: Boosting Growth | AP3K,2281
https://ap3k.com/blog/ap3k-workspace-visual-guide,200,https://ap3k.com/blog/ap3k-workspace-visual-guide,"index, follow",True,en,AP3K source,retain,Your AP3K Workspace: A Complete Visual Guide | AP3K,1157
https://ap3k.com/blog/auto-reply-instagram-messages,200,https://ap3k.com/blog/auto-reply-instagram-messages,"index, follow",True,en,imported archive,retain; imported provenance needs editorial review,Set Up Auto Reply Instagram Messages for Better Engagement | AP3K,3229
https://ap3k.com/blog/automate-instagram-dms-growth-risk,200,https://ap3k.com/blog/automate-instagram-dms-growth-risk,"index, follow",True,en,imported archive,retain; imported provenance needs editorial review,Automating Instagram DMs: Growth or Risk for Creators? | AP3K,2154
https://ap3k.com/blog/automated-dm-instagram-creators,200,https://ap3k.com/blog/automated-dm-instagram-creators,"index, follow",True,en,imported archive,retain; imported provenance needs editorial review,Automated DM for Instagram—What Creators Need to Know | AP3K,2232
https://ap3k.com/blog/b2b-marketing-automation-examples-comparison,200,https://ap3k.com/blog/b2b-marketing-automation-examples-comparison,"index, follow",True,en,imported archive,retain; imported provenance needs editorial review,Top b2b Marketing Automation Examples – Expert Comparison 2025 | AP3K,3061
https://ap3k.com/blog/benefits-automated-dms-instagram,200,https://ap3k.com/blog/benefits-automated-dms-instagram,"index, follow",True,en,imported archive,retain; imported provenance needs editorial review,Benefits of Automated DMs for Instagram Growth | AP3K,2045
https://ap3k.com/blog/benefits-of-dm-automation,200,https://ap3k.com/blog/benefits-of-dm-automation,"index, follow",True,en,imported archive,retain; imported provenance needs editorial review,Understanding the Benefits of DM Automation | AP3K,2115
https://ap3k.com/blog/best-automation-tool-for-instagram,200,https://ap3k.com/blog/best-automation-tool-for-instagram,"index, follow",True,en,imported archive,retain; imported provenance needs editorial review,Best Automation Tool for Instagram | AP3K,811
https://ap3k.com/blog/best-instagram-autodm-tools-comparison,200,https://ap3k.com/blog/best-instagram-autodm-tools-comparison,"index, follow",True,en,imported archive,retain; imported provenance needs editorial review,Best Instagram AutoDM Tools for 2025 – Expert Comparison | AP3K,2945
https://ap3k.com/blog/best-instagram-growth-strategies-for-influencers,200,https://ap3k.com/blog/best-instagram-growth-strategies-for-influencers,"index, follow",True,en,imported archive,retain; imported provenance needs editorial review,7 Best Instagram Growth Strategies for Influencers | AP3K,2583
https://ap3k.com/blog/carousel-comment-to-dm-resource-delivery,200,https://ap3k.com/blog/carousel-comment-to-dm-resource-delivery,"index, follow",True,en,AP3K source,retain,Build a Carousel That Delivers a Resource by Instagram DM | AP3K,760
https://ap3k.com/blog/collaboration-post-comment-to-dm-checklist,200,https://ap3k.com/blog/collaboration-post-comment-to-dm-checklist,"index, follow",True,en,AP3K source,retain,Comment-to-DM Automation on Instagram Collaboration Posts | AP3K,747
https://ap3k.com/blog/comment-to-dm-ab-testing,200,https://ap3k.com/blog/comment-to-dm-ab-testing,"index, follow",True,en,AP3K source,retain,Test Instagram Comment-to-DM Messages Without Fooling Yourself | AP3K,736
https://ap3k.com/blog/comment-to-dm-accessible-messages,200,https://ap3k.com/blog/comment-to-dm-accessible-messages,"index, follow",True,en,AP3K source,retain,Make Instagram Automated DMs Easier to Read and Use | AP3K,748
https://ap3k.com/blog/comment-to-dm-agency-account-management,200,https://ap3k.com/blog/comment-to-dm-agency-account-management,"index, follow",True,en,AP3K source,retain,Manage Comment-to-DM Campaigns Across Agency Clients | AP3K,741
https://ap3k.com/blog/comment-to-dm-bilingual-campaigns,200,https://ap3k.com/blog/comment-to-dm-bilingual-campaigns,"index, follow",True,en,AP3K source,retain,Design a Bilingual Instagram Comment-to-DM Campaign | AP3K,742
https://ap3k.com/blog/comment-to-dm-coaching-bookings,200,https://ap3k.com/blog/comment-to-dm-coaching-bookings,"index, follow",True,en,AP3K source,retain,Turn an Instagram Comment Into a Clear Booking Journey | AP3K,726
https://ap3k.com/blog/comment-to-dm-conversion-funnel,200,https://ap3k.com/blog/comment-to-dm-conversion-funnel,"index, follow",True,en,AP3K source,retain,Measure the Instagram Comment-to-DM Funnel Without Inflating Results | AP3K,759
https://ap3k.com/blog/comment-to-dm-human-handoff,200,https://ap3k.com/blog/comment-to-dm-human-handoff,"index, follow",True,en,AP3K source,retain,Hand Off Instagram Automated Conversations to a Human | AP3K,754
https://ap3k.com/blog/comment-to-dm-job-application-links,200,https://ap3k.com/blog/comment-to-dm-job-application-links,"index, follow",True,en,AP3K source,retain,Share a Job Application Link Through Instagram Comments | AP3K,727
https://ap3k.com/blog/comment-to-dm-keyword-collisions,200,https://ap3k.com/blog/comment-to-dm-keyword-collisions,"index, follow",True,en,AP3K source,retain,Avoid Keyword Collisions Across Instagram DM Campaigns | AP3K,767
https://ap3k.com/blog/comment-to-dm-message-requests,200,https://ap3k.com/blog/comment-to-dm-message-requests,"index, follow",True,en,AP3K source,retain,A Comment-to-DM Message Is Missing: Check Instagram Message Requests | AP3K,780
https://ap3k.com/blog/comment-to-dm-music-release,200,https://ap3k.com/blog/comment-to-dm-music-release,"index, follow",True,en,AP3K source,retain,Share a Music Release Link After an Instagram Comment | AP3K,740
https://ap3k.com/blog/comment-to-dm-one-post-vs-all-posts,200,https://ap3k.com/blog/comment-to-dm-one-post-vs-all-posts,"index, follow",True,en,AP3K source,retain,Comment-to-DM Scope: One Post or Every Post? | AP3K,768
https://ap3k.com/blog/comment-to-dm-opening-message-decision,200,https://ap3k.com/blog/comment-to-dm-opening-message-decision,"index, follow",True,en,AP3K source,retain,Do You Need an Opening DM Before Sending the Link? | AP3K,760
https://ap3k.com/blog/comment-to-dm-product-launch,200,https://ap3k.com/blog/comment-to-dm-product-launch,"index, follow",True,en,AP3K source,retain,Plan an Instagram Comment-to-DM Campaign for Launch Day | AP3K,758
https://ap3k.com/blog/comment-to-dm-product-pages,200,https://ap3k.com/blog/comment-to-dm-product-pages,"index, follow",True,en,AP3K source,retain,Send the Right Product Page From an Instagram Comment | AP3K,755
https://ap3k.com/blog/comment-to-dm-property-brochure,200,https://ap3k.com/blog/comment-to-dm-property-brochure,"index, follow",True,en,AP3K source,retain,Share a Property Brochure After an Instagram Comment | AP3K,736
https://ap3k.com/blog/comment-to-dm-restaurant-menu,200,https://ap3k.com/blog/comment-to-dm-restaurant-menu,"index, follow",True,en,AP3K source,retain,Send a Restaurant Menu Through Instagram Comment Automation | AP3K,752
https://ap3k.com/blog/comment-to-dm-wrong-link,200,https://ap3k.com/blog/comment-to-dm-wrong-link,"index, follow",True,en,AP3K source,retain,Fix an Instagram Auto-DM That Opens the Wrong Link | AP3K,1567
https://ap3k.com/blog/content-automation-instagram-creators,200,https://ap3k.com/blog/content-automation-instagram-creators,"index, follow",True,en,imported archive,retain; imported provenance needs editorial review,Content Automation: Unlocking Growth for Instagram Creators | AP3K,2042
https://ap3k.com/blog/converting-dms-into-leads-automation,200,https://ap3k.com/blog/converting-dms-into-leads-automation,"index, follow",True,en,imported archive,retain; imported provenance needs editorial review,Converting DMs into Leads: Instagram Automation Impact | AP3K,2027
https://ap3k.com/blog/cool-instagram-carousel-ideas,200,https://ap3k.com/blog/cool-instagram-carousel-ideas,"index, follow",True,en,imported archive,retain; imported provenance needs editorial review,7 Cool Instagram Carousel Ideas to Boost Engagement | AP3K,2848
https://ap3k.com/blog/create-marketing-plan-that-stays-strong-any-platform,200,https://ap3k.com/blog/create-marketing-plan-that-stays-strong-any-platform,"index, follow",True,en,imported archive,retain; imported provenance needs editorial review,How to Create a Marketing Plan That Stays Strong Beyond Any Platform | AP3K,2271
https://ap3k.com/blog/dm-automation-influencers-engagement,200,https://ap3k.com/blog/dm-automation-influencers-engagement,"index, follow",True,en,imported archive,retain; imported provenance needs editorial review,DM Automation for Influencers: Boost Engagement Safely | AP3K,4207
https://ap3k.com/blog/dm-automation-tool-indian-creators,200,https://ap3k.com/blog/dm-automation-tool-indian-creators,"index, follow",True,en,imported archive,retain; imported provenance needs editorial review,Instagram & Facebook DM Automation for Indian Creators (2026) | AP3K,5027
https://ap3k.com/blog/dm-follow-up-instagram-guide,200,https://ap3k.com/blog/dm-follow-up-instagram-guide,"index, follow",True,en,imported archive,retain; imported provenance needs editorial review,Instagram DM Follow-Up: The Complete Guide for Creators | AP3K,2547
https://ap3k.com/blog/dm-marketing-instagram-growth,200,https://ap3k.com/blog/dm-marketing-instagram-growth,"index, follow",True,en,imported archive,retain; imported provenance needs editorial review,DM Marketing: Driving Instagram Growth Safely | AP3K,2243
https://ap3k.com/blog/dropshipping-on-instagram-2025,200,https://ap3k.com/blog/dropshipping-on-instagram-2025,"index, follow",True,en,imported archive,retain; imported provenance needs editorial review,How to Start Dropshipping on Instagram in 2025 (Step-by-Step) | AP3K,1431
https://ap3k.com/blog/engaging-social-media-posts-examples-for-influencers,200,https://ap3k.com/blog/engaging-social-media-posts-examples-for-influencers,"index, follow",True,en,imported archive,retain; imported provenance needs editorial review,7 Engaging Social Media Posts Examples for Influencers | AP3K,2742
https://ap3k.com/blog/examples-of-marketing-automation-tools,200,https://ap3k.com/blog/examples-of-marketing-automation-tools,"index, follow",True,en,imported archive,retain; imported provenance needs editorial review,7 Top Examples of Marketing Automation Tools for Growth | AP3K,2972
https://ap3k.com/blog/free-instagram-chatbot,200,https://ap3k.com/blog/free-instagram-chatbot,"index, follow",True,en,imported archive,retain; imported provenance needs editorial review,Revolutionizing Fan Engagement with Chatbot Automation | AP3K,1017
https://ap3k.com/blog/get-started-with-ap3k,200,https://ap3k.com/blog/get-started-with-ap3k,"index, follow",True,en,imported archive,original rewrite October 9,How to setup Instagram DM automation with AP3K | AP3K,543
https://ap3k.com/blog/good-reach-rate-instagram,200,https://ap3k.com/blog/good-reach-rate-instagram,"index, follow",True,en,imported archive,retain; imported provenance needs editorial review,What Is a Good Reach Rate on Instagram? | AP3K,2062
https://ap3k.com/blog/grow-followers,200,https://ap3k.com/blog/grow-followers,"index, follow",True,en,imported archive,original rewrite October 9,Grow your followers with AP3K | AP3K,573
https://ap3k.com/blog/how-ap3k-connects-through-instagram-api,200,https://ap3k.com/blog/how-ap3k-connects-through-instagram-api,"index, follow",True,en,imported archive,original rewrite October 9,How AP3K Connects Through the Instagram API | AP3K,675
https://ap3k.com/blog/how-creators-can-build-authority-without-posting-every-day,200,https://ap3k.com/blog/how-creators-can-build-authority-without-posting-every-day,"index, follow",True,en,imported archive,retain; imported provenance needs editorial review,How Creators Can Build Authority Without Posting Every Day | AP3K,2150
https://ap3k.com/blog/how-instagram-dm-keywords-boost-lead-generation-in-2025,200,https://ap3k.com/blog/how-instagram-dm-keywords-boost-lead-generation-in-2025,"index, follow",True,en,imported archive,retain; imported provenance needs editorial review,How Instagram DM Keywords Boost Lead Generation in 2025 | AP3K,1664
https://ap3k.com/blog/how-to-auto-reply-to-missed-instagram-comments,200,https://ap3k.com/blog/how-to-auto-reply-to-missed-instagram-comments,"index, follow",True,en,imported archive,retain; imported provenance needs editorial review,How to Auto-Reply to Missed Instagram Comments | AP3K,1583
https://ap3k.com/blog/how-to-automate-instagram-dms,200,https://ap3k.com/blog/how-to-automate-instagram-dms,"index, follow",True,en,imported archive,retain; imported provenance needs editorial review,How to Automate Instagram DMs for Increased Engagement | AP3K,2904
https://ap3k.com/blog/how-to-automate-instagram-outreach,200,https://ap3k.com/blog/how-to-automate-instagram-outreach,"index, follow",True,en,imported archive,retain; imported provenance needs editorial review,How to Automate Instagram Outreach for Influencers | AP3K,2133
https://ap3k.com/blog/how-to-automate-instagram-replies,200,https://ap3k.com/blog/how-to-automate-instagram-replies,"index, follow",True,en,imported archive,retain; imported provenance needs editorial review,How to Automate Instagram Replies for Enhanced Engagement | AP3K,2951
https://ap3k.com/blog/how-to-boost-instagram-comments-automation,200,https://ap3k.com/blog/how-to-boost-instagram-comments-automation,"index, follow",True,en,imported archive,retain; imported provenance needs editorial review,How to Boost Instagram Comments with Automation Tools | AP3K,2078
https://ap3k.com/blog/how-to-capture-leads-using-instagram-and-export-to-excel,200,https://ap3k.com/blog/how-to-capture-leads-using-instagram-and-export-to-excel,"index, follow",True,en,imported archive,original rewrite October 9,How to Capture Leads Using Instagram and Export Them as Excel | AP3K,689
https://ap3k.com/blog/how-to-get-instagram-followers-for-business,200,https://ap3k.com/blog/how-to-get-instagram-followers-for-business,"index, follow",True,en,imported archive,retain; imported provenance needs editorial review,How to Get Instagram Followers for Business Fast and Safely | AP3K,2409
https://ap3k.com/blog/how-to-get-quick-followers-on-instagram-naturally,200,https://ap3k.com/blog/how-to-get-quick-followers-on-instagram-naturally,"index, follow",True,en,imported archive,retain; imported provenance needs editorial review,How to Get Quick Followers on Instagram: Proven Strategies | AP3K,3090
https://ap3k.com/blog/how-to-grow-an-instagram-audience-naturally,200,https://ap3k.com/blog/how-to-grow-an-instagram-audience-naturally,"index, follow",True,en,imported archive,retain; imported provenance needs editorial review,How to Grow an Instagram Audience Naturally and Effectively | AP3K,3302
https://ap3k.com/blog/how-to-grow-my-instagram-account-naturally,200,https://ap3k.com/blog/how-to-grow-my-instagram-account-naturally,"index, follow",True,en,imported archive,retain; imported provenance needs editorial review,How to Grow My Instagram Account Naturally and Fast | AP3K,2241
https://ap3k.com/blog/how-to-increase-instagram-post-likes-naturally,200,https://ap3k.com/blog/how-to-increase-instagram-post-likes-naturally,"index, follow",True,en,imported archive,retain; imported provenance needs editorial review,How to Increase Instagram Post Likes for Maximum Reach | AP3K,2800
https://ap3k.com/blog/how-to-plan-your-instagram-feed-growth,200,https://ap3k.com/blog/how-to-plan-your-instagram-feed-growth,"index, follow",True,en,imported archive,retain; imported provenance needs editorial review,How to Plan Your Instagram Feed for Impactful Growth | AP3K,2461
https://ap3k.com/blog/how-to-schedule-automations-with-ap3k,200,https://ap3k.com/blog/how-to-schedule-automations-with-ap3k,"index, follow",True,en,imported archive,original rewrite October 9,How to schedule automations with AP3K | AP3K,1318
https://ap3k.com/blog/how-to-sell-products-on-instagram-using-dm-automation,200,https://ap3k.com/blog/how-to-sell-products-on-instagram-using-dm-automation,"index, follow",True,en,imported archive,retain; imported provenance needs editorial review,How to Sell Products on Instagram Using DM Automation | AP3K,771
https://ap3k.com/blog/how-to-set-up-instagram-dm-automation-using-ap3k,200,https://ap3k.com/blog/how-to-set-up-instagram-dm-automation-using-ap3k,"index, follow",True,en,imported archive,original rewrite October 9,How to Set Up Instagram DM Automation Using AP3K | AP3K,710
https://ap3k.com/blog/influencer-audience-growth-instagram,200,https://ap3k.com/blog/influencer-audience-growth-instagram,"index, follow",True,en,imported archive,retain; imported provenance needs editorial review,Influencer Audience Growth: Real Impact on Instagram | AP3K,3322
https://ap3k.com/blog/instagram-algorithm-engagement-growth,200,https://ap3k.com/blog/instagram-algorithm-engagement-growth,"index, follow",True,en,imported archive,retain; imported provenance needs editorial review,Instagram Algorithm: Unlocking Engagement Growth | AP3K,2236
https://ap3k.com/blog/instagram-automation-change-log,200,https://ap3k.com/blog/instagram-automation-change-log,"index, follow",True,en,AP3K source,retain,Keep a Practical Change Log for Instagram Campaigns | AP3K,612
https://ap3k.com/blog/instagram-automation-cohort-reporting,200,https://ap3k.com/blog/instagram-automation-cohort-reporting,"index, follow",True,en,AP3K source,retain,Compare Instagram Campaigns With Consistent Cohorts | AP3K,604
https://ap3k.com/blog/instagram-automation-dashboard-date-ranges,200,https://ap3k.com/blog/instagram-automation-dashboard-date-ranges,"index, follow",True,en,AP3K source,retain,Avoid Date-Range Errors in Instagram Automation Reports | AP3K,603
https://ap3k.com/blog/instagram-automation-delivery-vs-business-report,200,https://ap3k.com/blog/instagram-automation-delivery-vs-business-report,"index, follow",True,en,AP3K source,retain,Separate Delivery Health From Business Performance | AP3K,601
https://ap3k.com/blog/instagram-automation-marketing-guide,200,https://ap3k.com/blog/instagram-automation-marketing-guide,"index, follow",True,en,imported archive,retain; imported provenance needs editorial review,Instagram Automation in Marketing: Complete Guide | AP3K,2055
https://ap3k.com/blog/instagram-automation-reply-cost-model,200,https://ap3k.com/blog/instagram-automation-reply-cost-model,"index, follow",True,en,AP3K source,retain,Estimate Automated Action Usage Before a Campaign | AP3K,616
https://ap3k.com/blog/instagram-automation-team-handoff-checklist,200,https://ap3k.com/blog/instagram-automation-team-handoff-checklist,"index, follow",True,en,AP3K source,retain,Hand Over an Instagram Campaign With Enough Context | AP3K,604
https://ap3k.com/blog/instagram-automation-tool-accessibility-review,200,https://ap3k.com/blog/instagram-automation-tool-accessibility-review,"index, follow",True,en,AP3K source,retain,Check the Accessibility of an Instagram Automation Workflow | AP3K,611
https://ap3k.com/blog/instagram-automation-tool-delivery-observability,200,https://ap3k.com/blog/instagram-automation-tool-delivery-observability,"index, follow",True,en,AP3K source,retain,Check Whether an Instagram Tool Explains Failed Delivery | AP3K,623
https://ap3k.com/blog/instagram-automation-tool-pricing-workload,200,https://ap3k.com/blog/instagram-automation-tool-pricing-workload,"index, follow",True,en,AP3K source,retain,Compare Automation Pricing Using Your Actual Workload | AP3K,617
https://ap3k.com/blog/instagram-automation-tools-list-for-growth,200,https://ap3k.com/blog/instagram-automation-tools-list-for-growth,"index, follow",True,en,imported archive,retain; imported provenance needs editorial review,7 Essential Instagram Automation Tools List for Growth | AP3K,2806
https://ap3k.com/blog/instagram-automation-tools-save-hours,200,https://ap3k.com/blog/instagram-automation-tools-save-hours,"index, follow",True,en,imported archive,retain; imported provenance needs editorial review,9 Instagram Automation Tools for Effortless Growth | AP3K,2153
https://ap3k.com/blog/instagram-comment-to-dm-automation,200,https://ap3k.com/blog/instagram-comment-to-dm-automation,"index, follow",True,en,imported archive,existing original revision,Instagram Comment-to-DM Automation Guide | AP3K,1465
https://ap3k.com/blog/instagram-dm-automation-agencies,200,https://ap3k.com/blog/instagram-dm-automation-agencies,"index, follow",True,en,imported archive,retain; imported provenance needs editorial review,Instagram DM Automation for Agencies & SMMs (2026) | AP3K,5186
https://ap3k.com/blog/instagram-dm-automation-for-astrologers-tarot-readers,200,https://ap3k.com/blog/instagram-dm-automation-for-astrologers-tarot-readers,"index, follow",True,en,imported archive,retain; imported provenance needs editorial review,Instagram DM Automation for Tarot Readers & Astrologers (2026) | AP3K,1789
https://ap3k.com/blog/instagram-dm-automation-for-beauty-skincare-creators,200,https://ap3k.com/blog/instagram-dm-automation-for-beauty-skincare-creators,"index, follow",True,en,imported archive,retain; imported provenance needs editorial review,Instagram DM Automation for Beauty & Skincare Creators (2026) | AP3K,3629
https://ap3k.com/blog/instagram-dm-automation-for-coaches,200,https://ap3k.com/blog/instagram-dm-automation-for-coaches,"index, follow",True,en,imported archive,retain; imported provenance needs editorial review,Instagram DM Automation for Coaches & Course Creators (2026): Book More Calls | AP3K,2954
https://ap3k.com/blog/instagram-dm-automation-for-educators-ed-tech,200,https://ap3k.com/blog/instagram-dm-automation-for-educators-ed-tech,"index, follow",True,en,imported archive,retain; imported provenance needs editorial review,Instagram DM Automation for Educators & Ed-Tech (2026) | AP3K,1894
https://ap3k.com/blog/instagram-dm-automation-for-fitness-coaches,200,https://ap3k.com/blog/instagram-dm-automation-for-fitness-coaches,"index, follow",True,en,imported archive,retain; imported provenance needs editorial review,Instagram DM Automation for Fitness Coaches (2026) | AP3K,3486
https://ap3k.com/blog/instagram-dm-automation-for-photographers,200,https://ap3k.com/blog/instagram-dm-automation-for-photographers,"index, follow",True,en,imported archive,retain; imported provenance needs editorial review,Instagram DM Automation for Photographers (2026) | AP3K,2373
https://ap3k.com/blog/instagram-dm-automation-home-renovation,200,https://ap3k.com/blog/instagram-dm-automation-home-renovation,"index, follow",True,en,AP3K source,retain,Turn Renovation Interest Into a Clear Project Inquiry | AP3K,619
https://ap3k.com/blog/instagram-dm-automation-professional-portfolios,200,https://ap3k.com/blog/instagram-dm-automation-professional-portfolios,"index, follow",True,en,AP3K source,retain,Use Instagram DMs to Share a Relevant Portfolio | AP3K,628
https://ap3k.com/blog/instagram-dm-automation-workflow,200,https://ap3k.com/blog/instagram-dm-automation-workflow,"index, follow",True,en,imported archive,retain; imported provenance needs editorial review,Instagram DM Automation Workflow: Streamlining Engagement | AP3K,2182
https://ap3k.com/blog/instagram-dm-in-hidden-folder-here-is-the-real-reason,200,https://ap3k.com/blog/instagram-dm-in-hidden-folder-here-is-the-real-reason,"index, follow",True,en,imported archive,retain; imported provenance needs editorial review,Instagram DM in Hidden Folder? Here’s the Real Reason | AP3K,2432
https://ap3k.com/blog/instagram-dm-workflow-for-fitness-coaches,200,https://ap3k.com/blog/instagram-dm-workflow-for-fitness-coaches,"index, follow",True,en,AP3K source,retain,Instagram DM Ideas for Fitness Coaches Without the Pushy Sales Script | AP3K,990
https://ap3k.com/blog/instagram-dms-revenue-channel-guide,200,https://ap3k.com/blog/instagram-dms-revenue-channel-guide,"index, follow",True,en,imported archive,retain; imported provenance needs editorial review,Instagram DMs: Complete Guide to Monetizing Conversations | AP3K,1904
https://ap3k.com/blog/instagram-e-commerce-guide,200,https://ap3k.com/blog/instagram-e-commerce-guide,"index, follow",True,en,imported archive,retain; imported provenance needs editorial review,Complete Guide to Instagram E-Commerce Success | AP3K,2123
https://ap3k.com/blog/instagram-engagement-ideas-for-influencer-growth,200,https://ap3k.com/blog/instagram-engagement-ideas-for-influencer-growth,"index, follow",True,en,imported archive,retain; imported provenance needs editorial review,7 Expert Instagram Engagement Ideas for Influencer Growth | AP3K,3573
https://ap3k.com/blog/instagram-engagement-strategies-guide,200,https://ap3k.com/blog/instagram-engagement-strategies-guide,"index, follow",True,en,imported archive,retain; imported provenance needs editorial review,Instagram Engagement Strategies: Complete Guide | AP3K,2005
https://ap3k.com/blog/instagram-engagement-tools-explained,200,https://ap3k.com/blog/instagram-engagement-tools-explained,"index, follow",True,en,imported archive,retain; imported provenance needs editorial review,Instagram Engagement Tools: Boosting Creator Growth | AP3K,2422
https://ap3k.com/blog/instagram-growth-strategies-list,200,https://ap3k.com/blog/instagram-growth-strategies-list,"index, follow",True,en,imported archive,retain; imported provenance needs editorial review,Instagram Growth Strategies List: Expert Guide | AP3K,1862
https://ap3k.com/blog/instagram-growth-tools-for-marketers-comparison,200,https://ap3k.com/blog/instagram-growth-tools-for-marketers-comparison,"index, follow",True,en,imported archive,retain; imported provenance needs editorial review,7 Best Instagram Growth Tools for Marketers – Comparison 2025 | AP3K,4787
https://ap3k.com/blog/instagram-influencer-growth-strategies-proven-tips,200,https://ap3k.com/blog/instagram-influencer-growth-strategies-proven-tips,"index, follow",True,en,imported archive,retain; imported provenance needs editorial review,7 Proven Instagram Influencer Growth Strategies | AP3K,2956
https://ap3k.com/blog/instagram-lead-source-reconciliation,200,https://ap3k.com/blog/instagram-lead-source-reconciliation,"index, follow",True,en,AP3K source,retain,Reconcile Instagram Leads With Booking Records | AP3K,594
https://ap3k.com/blog/instagram-leads-first-question,200,https://ap3k.com/blog/instagram-leads-first-question,"index, follow",True,en,AP3K source,retain,Ask One Useful Question After an Instagram Inquiry | AP3K,621
https://ap3k.com/blog/instagram-leads-offer-retirement,200,https://ap3k.com/blog/instagram-leads-offer-retirement,"index, follow",True,en,AP3K source,retain,Retire an Instagram Lead Offer Without Breaking Its Promise | AP3K,623
https://ap3k.com/blog/instagram-quick-reply-availability,200,https://ap3k.com/blog/instagram-quick-reply-availability,"index, follow",True,en,AP3K source,retain,Answer Availability Questions Without Inventing Stock | AP3K,624
https://ap3k.com/blog/instagram-scheduler-approval-workflow,200,https://ap3k.com/blog/instagram-scheduler-approval-workflow,"index, follow",True,en,AP3K source,retain,Build an Approval Workflow for Scheduled Instagram Offers | AP3K,650
https://ap3k.com/blog/instagram-story-interaction-growth,200,https://ap3k.com/blog/instagram-story-interaction-growth,"index, follow",True,en,imported archive,retain; imported provenance needs editorial review,Instagram Story Interaction: Driving Follower Growth Fast | AP3K,2286
https://ap3k.com/blog/is-instagram-dm-automation-safe,200,https://ap3k.com/blog/is-instagram-dm-automation-safe,"index, follow",True,en,AP3K source,retain,Is Instagram DM Automation Safe? API Rules and Risks | AP3K,648
https://ap3k.com/blog/is-it-safe-to-auto-dm-on-instagram,200,https://ap3k.com/blog/is-it-safe-to-auto-dm-on-instagram,"index, follow",True,en,imported archive,retain; imported provenance needs editorial review,Is It Safe to Auto DM on Instagram? (2026 Guide) | AP3K,3025
https://ap3k.com/blog/lead-ads-instagram-creator-growth,200,https://ap3k.com/blog/lead-ads-instagram-creator-growth,"index, follow",True,en,imported archive,retain; imported provenance needs editorial review,Lead Ads Instagram: Unlocking Automated Growth for Creators | AP3K,2265
https://ap3k.com/blog/make-sales-instagram-relationships,200,https://ap3k.com/blog/make-sales-instagram-relationships,"index, follow",True,en,imported archive,retain; imported provenance needs editorial review,Make Sales on Instagram: Why Real Relationships Matter | AP3K,1824
https://ap3k.com/blog/manychat-alternative-rollback-checklist,200,https://ap3k.com/blog/manychat-alternative-rollback-checklist,"index, follow",True,en,AP3K source,retain,Prepare a Rollback Before Replacing an Instagram Automation | AP3K,609
https://ap3k.com/blog/manychat-alternative-trigger-mapping,200,https://ap3k.com/blog/manychat-alternative-trigger-mapping,"index, follow",True,en,AP3K source,retain,Map Trigger Meaning When Rebuilding Instagram Automations | AP3K,611
https://ap3k.com/blog/must-have-instagram-tools-for-influencers-and-creators,200,https://ap3k.com/blog/must-have-instagram-tools-for-influencers-and-creators,"index, follow",True,en,imported archive,retain; imported provenance needs editorial review,7 Must-Have Instagram Tools for Influencers and Creators | AP3K,2780
https://ap3k.com/blog/optimize-instagram-bio-2025,200,https://ap3k.com/blog/optimize-instagram-bio-2025,"index, follow",True,en,imported archive,retain; imported provenance needs editorial review,How to Optimize Your Instagram Bio for 2025 | AP3K,2122
https://ap3k.com/blog/personal-branding-2025-guide,200,https://ap3k.com/blog/personal-branding-2025-guide,"index, follow",True,en,imported archive,retain; imported provenance needs editorial review,Personal Branding in 2025: Essential Guide for Creators | AP3K,1945
https://ap3k.com/blog/personalize-instagram-messages-growth,200,https://ap3k.com/blog/personalize-instagram-messages-growth,"index, follow",True,en,imported archive,retain; imported provenance needs editorial review,Why Personalize Instagram Messages for Growth | AP3K,1990
https://ap3k.com/blog/proven-instagram-engagement-strategies,200,https://ap3k.com/blog/proven-instagram-engagement-strategies,"index, follow",True,en,imported archive,retain; imported provenance needs editorial review,Complete Guide to Proven Instagram Engagement Strategies | AP3K,1896
https://ap3k.com/blog/reels-comment-to-dm-cta-placement,200,https://ap3k.com/blog/reels-comment-to-dm-cta-placement,"index, follow",True,en,AP3K source,retain,Where to Put a Comment-to-DM CTA in Instagram Reels | AP3K,778
https://ap3k.com/blog/reels-smart-automation-guide,200,https://ap3k.com/blog/reels-smart-automation-guide,"index, follow",True,en,imported archive,retain; imported provenance needs editorial review,Reels Won’t Save You: Complete Automation Guide | AP3K,1981
https://ap3k.com/blog/replying-to-instagram-comments-process,200,https://ap3k.com/blog/replying-to-instagram-comments-process,"index, follow",True,en,imported archive,retain; imported provenance needs editorial review,Mastering the Replying to Instagram Comments Process | AP3K,3085
https://ap3k.com/blog/saas-for-instagram-explained,200,https://ap3k.com/blog/saas-for-instagram-explained,"index, follow",True,en,imported archive,retain; imported provenance needs editorial review,SaaS for Instagram: Transforming Creator Growth | AP3K,3137
https://ap3k.com/blog/sales-automation-example-instagram-growth,200,https://ap3k.com/blog/sales-automation-example-instagram-growth,"index, follow",True,en,imported archive,retain; imported provenance needs editorial review,Sales Automation Example: Boosting Instagram Growth | AP3K,2069
https://ap3k.com/blog/sell-products-through-instagram-conversations,200,https://ap3k.com/blog/sell-products-through-instagram-conversations,"index, follow",True,en,AP3K source,retain,How to Sell Products Through Better Instagram DM Conversations | AP3K,1078
https://ap3k.com/blog/social-media-automation-influencers,200,https://ap3k.com/blog/social-media-automation-influencers,"index, follow",True,en,imported archive,retain; imported provenance needs editorial review,Social Media Automation for Influencers Explained | AP3K,1688
https://ap3k.com/blog/social-media-automation-process,200,https://ap3k.com/blog/social-media-automation-process,"index, follow",True,en,imported archive,retain; imported provenance needs editorial review,Social Media Automation Process: Transforming Engagement | AP3K,2006
https://ap3k.com/blog/top-10-instagram-dm-automation-tools,200,https://ap3k.com/blog/top-10-instagram-dm-automation-tools,"index, follow",True,en,imported archive,retain; imported provenance needs editorial review,Top 10 Instagram DM Automation Tools in 2025 | AP3K,854
https://ap3k.com/blog/top-5-instagram-dm-automation-mistakes-to-avoid-in-2025,200,https://ap3k.com/blog/top-5-instagram-dm-automation-mistakes-to-avoid-in-2025,"index, follow",True,en,imported archive,retain; imported provenance needs editorial review,Top 5 Instagram DM Automation Mistakes to Avoid in 2025 | AP3K,1440
https://ap3k.com/blog/top-influencer-marketing-automation-comparison,200,https://ap3k.com/blog/top-influencer-marketing-automation-comparison,"index, follow",True,en,imported archive,retain; imported provenance needs editorial review,Top Influencer Marketing Automation – Expert Comparison 2025 | AP3K,5238
https://ap3k.com/blog/top-instagram-dm-tactics-boost-engagement,200,https://ap3k.com/blog/top-instagram-dm-tactics-boost-engagement,"index, follow",True,en,imported archive,retain; imported provenance needs editorial review,7 Top Instagram DM Tactics to Boost Engagement Fast | AP3K,2993
https://ap3k.com/blog/understanding-instagram-automation-trends-2025,200,https://ap3k.com/blog/understanding-instagram-automation-trends-2025,"index, follow",True,en,imported archive,retain; imported provenance needs editorial review,Understanding Instagram Automation Trends 2025 | AP3K,2164
https://ap3k.com/blog/understanding-instagram-content-automation-process,200,https://ap3k.com/blog/understanding-instagram-content-automation-process,"index, follow",True,en,imported archive,retain; imported provenance needs editorial review,Understanding the Instagram Content Automation Process | AP3K,2319
https://ap3k.com/blog/understanding-instagram-follower-growth-workflow,200,https://ap3k.com/blog/understanding-instagram-follower-growth-workflow,"index, follow",True,en,imported archive,retain; imported provenance needs editorial review,Understanding the Instagram Follower Growth Workflow | AP3K,2552
https://ap3k.com/blog/understanding-why-nurture-instagram-followers,200,https://ap3k.com/blog/understanding-why-nurture-instagram-followers,"index, follow",True,en,imported archive,retain; imported provenance needs editorial review,Understanding Why Nurture Instagram Followers Matters | AP3K,2205
https://ap3k.com/blog/understanding-why-use-dm-automation,200,https://ap3k.com/blog/understanding-why-use-dm-automation,"index, follow",True,en,imported archive,retain; imported provenance needs editorial review,Understanding Why Use DM Automation for Growth | AP3K,2137
https://ap3k.com/blog/what-is-follower-growth,200,https://ap3k.com/blog/what-is-follower-growth,"index, follow",True,en,imported archive,retain; imported provenance needs editorial review,Follower Growth: How It Drives Instagram Success | AP3K,2059
https://ap3k.com/blog/what-is-instagram-bot-guide,200,https://ap3k.com/blog/what-is-instagram-bot-guide,"index, follow",True,en,imported archive,retain; imported provenance needs editorial review,What Is an Instagram Bot? Complete Guide for 2025 | AP3K,2030
https://ap3k.com/blog/what-is-social-media-management-tool,200,https://ap3k.com/blog/what-is-social-media-management-tool,"index, follow",True,en,imported archive,retain; imported provenance needs editorial review,What Is a Social Media Management Tool? Complete Guide | AP3K,1938
https://ap3k.com/blog/why-analyze-instagram-interactions,200,https://ap3k.com/blog/why-analyze-instagram-interactions,"index, follow",True,en,imported archive,retain; imported provenance needs editorial review,Why Analyze Instagram Interactions for Growth Impact | AP3K,2155
https://ap3k.com/blog/why-automate-dms-instagram,200,https://ap3k.com/blog/why-automate-dms-instagram,"index, follow",True,en,imported archive,retain; imported provenance needs editorial review,Why Automate DMs: Unlock Instagram Growth | AP3K,2402
https://ap3k.com/blog/why-automate-instagram-dms,200,https://ap3k.com/blog/why-automate-instagram-dms,"index, follow",True,en,imported archive,retain; imported provenance needs editorial review,Why Automate Instagram DMs for Faster Growth | AP3K,2008
https://ap3k.com/blog/why-collecting-emails-via-instagram-dms-still-works-in-2025,200,https://ap3k.com/blog/why-collecting-emails-via-instagram-dms-still-works-in-2025,"index, follow",True,en,imported archive,retain; imported provenance needs editorial review,Why Collecting Emails via Instagram DMs Still Works in 2025 | AP3K,2204
https://ap3k.com/blog/why-creators-fail-real-audience,200,https://ap3k.com/blog/why-creators-fail-real-audience,"index, follow",True,en,imported archive,retain; imported provenance needs editorial review,Why Creators Fail to Build Real Audiences | AP3K,2023
https://ap3k.com/blog/why-instagram-auto-public-comment-reply-is-not-working,200,https://ap3k.com/blog/why-instagram-auto-public-comment-reply-is-not-working,"index, follow",True,en,imported archive,retain; imported provenance needs editorial review,Why Instagram Auto Public Comment Reply Is Not Working (And How to Fix It) | AP3K,955
https://ap3k.com/blog/why-measure-conversion-instagram,200,https://ap3k.com/blog/why-measure-conversion-instagram,"index, follow",True,en,imported archive,retain; imported provenance needs editorial review,Why Measure Conversion on Instagram: Complete Guide | AP3K,2090
https://ap3k.com/blog/why-respond-to-every-dm,200,https://ap3k.com/blog/why-respond-to-every-dm,"index, follow",True,en,imported archive,retain; imported provenance needs editorial review,Why Responding to Every DM Drives Influencer Growth | AP3K,2193
https://ap3k.com/blog/why-use-ai-auto-replies,200,https://ap3k.com/blog/why-use-ai-auto-replies,"index, follow",True,en,imported archive,retain; imported provenance needs editorial review,Why Use AI Auto-Replies for Instagram Creators | AP3K,2356
https://ap3k.com/blog/why-use-delay-in-dm-automation,200,https://ap3k.com/blog/why-use-delay-in-dm-automation,"index, follow",True,en,imported archive,retain; imported provenance needs editorial review,Why Use Delay in DM Automation for Best Engagement | AP3K,1979
https://ap3k.com/blog/why-use-instagram-bots-growth-engagement,200,https://ap3k.com/blog/why-use-instagram-bots-growth-engagement,"index, follow",True,en,imported archive,retain; imported provenance needs editorial review,Why Use Instagram Bots for Growth and Engagement | AP3K,1990
https://ap3k.com/blog?page=11,200,https://ap3k.com/blog?page=11,"index, follow",True,en,AP3K source,retain,Instagram Automation Guides & DM Marketing — Page 11 | AP3K,491
https://ap3k.com/blog?page=15,200,https://ap3k.com/blog?page=15,"index, follow",True,en,AP3K source,retain,Instagram Automation Guides & DM Marketing — Page 15 | AP3K,484
https://ap3k.com/blog?page=16,200,https://ap3k.com/blog?page=16,"index, follow",True,en,AP3K source,retain,Instagram Automation Guides & DM Marketing — Page 16 | AP3K,485
https://ap3k.com/blog?page=17,200,https://ap3k.com/blog?page=17,"index, follow",True,en,AP3K source,retain,Instagram Automation Guides & DM Marketing — Page 17 | AP3K,477
https://ap3k.com/blog?page=18,200,https://ap3k.com/blog?page=18,"index, follow",True,en,AP3K source,retain,Instagram Automation Guides & DM Marketing — Page 18 | AP3K,492
https://ap3k.com/blog?page=19,200,https://ap3k.com/blog?page=19,"index, follow",True,en,AP3K source,retain,Instagram Automation Guides & DM Marketing — Page 19 | AP3K,474
https://ap3k.com/blog?page=20,200,https://ap3k.com/blog?page=20,"index, follow",True,en,AP3K source,retain,Instagram Automation Guides & DM Marketing — Page 20 | AP3K,466
https://ap3k.com/compare,200,https://ap3k.com/compare,"index, follow",True,en,AP3K source,retain,Compare Instagram Automation Tools | AP3K,252
https://ap3k.com/compare/high-level,200,https://ap3k.com/compare/high-level,"index, follow",True,en,AP3K source,retain,AP3K vs HighLevel: Instagram Automation Compared,1475
https://ap3k.com/compare/linktodm,200,https://ap3k.com/compare/linktodm,"index, follow",True,en,AP3K source,retain,AP3K vs LinktoDM: Instagram Automation Compared,1478
https://ap3k.com/compare/stan-autodm,200,https://ap3k.com/compare/stan-autodm,"index, follow",True,en,AP3K source,retain,AP3K vs Stan AutoDM: Instagram Automation Compared,1508
https://ap3k.com/compare/superprofile,200,https://ap3k.com/compare/superprofile,"index, follow",True,en,AP3K source,retain,AP3K vs SuperProfile: Instagram Automation Compared,1481
https://ap3k.com/compare/wishlink,200,https://ap3k.com/compare/wishlink,"index, follow",True,en,AP3K source,retain,AP3K vs Wishlink: Instagram Automation Compared,1467
https://ap3k.com/compare/zorcha,200,https://ap3k.com/compare/zorcha,"index, follow",True,en,AP3K source,retain,AP3K vs Zorcha: Instagram Automation Compared,1499
https://ap3k.com/contact,200,https://ap3k.com/contact,"index, follow",True,en,AP3K source,retain,Contact AP3K Support,296
https://ap3k.com/de/blog/ai-instagram-dm-autoresponder,200,https://ap3k.com/de/blog/ai-instagram-dm-autoresponder,"index, follow",True,de,AP3K source,retain,Einen KI-Autoresponder für Instagram mit verlässlichen Antworten erstellen | AP3K,557
https://ap3k.com/de/blog/automate-instagram-dms-from-comments,200,https://ap3k.com/de/blog/automate-instagram-dms-from-comments,"index, follow",True,de,AP3K source,retain,Instagram-DMs aus Kommentaren automatisieren | AP3K,809
https://ap3k.com/de/blog/compare-instagram-dm-automation-tools,200,https://ap3k.com/de/blog/compare-instagram-dm-automation-tools,"index, follow",True,de,AP3K source,retain,Instagram-DM-Tools vergleichen: AP3K und Alternativen | AP3K,587
https://ap3k.com/de/blog/instagram-automation-business-creator-accounts,200,https://ap3k.com/de/blog/instagram-automation-business-creator-accounts,"index, follow",True,de,AP3K source,retain,Instagram-Automatisierung für Unternehmen und Creator | AP3K,499
https://ap3k.com/de/blog/is-instagram-dm-automation-safe,200,https://ap3k.com/de/blog/is-instagram-dm-automation-safe,"index, follow",True,de,AP3K source,retain,Ist Instagram-DM-Automation sicher? API-Regeln und Risiken | AP3K,544
https://ap3k.com/de/blog/manage-instagram-dms-and-comments-faster,200,https://ap3k.com/de/blog/manage-instagram-dms-and-comments-faster,"index, follow",True,de,AP3K source,retain,Instagram-DMs und Kommentare schneller bearbeiten | AP3K,544
https://ap3k.com/de/blog?page=13,200,https://ap3k.com/de/blog?page=13,"index, follow",True,de,AP3K source,retain,Instagram-Automatisierung: Anleitungen und DMs — Seite 13 | AP3K,465
https://ap3k.com/de/blog?page=16,200,https://ap3k.com/de/blog?page=16,"index, follow",True,de,AP3K source,retain,Instagram-Automatisierung: Anleitungen und DMs — Seite 16 | AP3K,460
https://ap3k.com/de/blog?page=17,200,https://ap3k.com/de/blog?page=17,"index, follow",True,de,AP3K source,retain,Instagram-Automatisierung: Anleitungen und DMs — Seite 17 | AP3K,472
https://ap3k.com/de/blog?page=18,200,https://ap3k.com/de/blog?page=18,"index, follow",True,de,AP3K source,retain,Instagram-Automatisierung: Anleitungen und DMs — Seite 18 | AP3K,466
https://ap3k.com/de/blog?page=19,200,https://ap3k.com/de/blog?page=19,"index, follow",True,de,AP3K source,retain,Instagram-Automatisierung: Anleitungen und DMs — Seite 19 | AP3K,463
https://ap3k.com/de/blog?page=20,200,https://ap3k.com/de/blog?page=20,"index, follow",True,de,AP3K source,retain,Instagram-Automatisierung: Anleitungen und DMs — Seite 20 | AP3K,474
https://ap3k.com/de/blog?page=3,200,https://ap3k.com/de/blog?page=3,"index, follow",True,de,AP3K source,retain,Instagram-Automatisierung: Anleitungen und DMs — Seite 3 | AP3K,461
https://ap3k.com/de/blog?page=4,200,https://ap3k.com/de/blog?page=4,"index, follow",True,de,AP3K source,retain,Instagram-Automatisierung: Anleitungen und DMs — Seite 4 | AP3K,456
https://ap3k.com/de/blog?page=6,200,https://ap3k.com/de/blog?page=6,"index, follow",True,de,AP3K source,retain,Instagram-Automatisierung: Anleitungen und DMs — Seite 6 | AP3K,464
https://ap3k.com/de/contact,200,https://ap3k.com/de/contact,"index, follow",True,de,AP3K source,retain,Kontakt AP3K Unterstützung,275
https://ap3k.com/de/help/automation-troubleshooting,200,https://ap3k.com/de/help/automation-troubleshooting,"index, follow",True,de,AP3K source,retain,Warum eine Automatisierung nicht geantwortet hat | AP3K,545
https://ap3k.com/de/help/billing-troubleshooting,200,https://ap3k.com/de/help/billing-troubleshooting,"index, follow",True,de,AP3K source,retain,Rechnungs- und Abonnementhilfe | AP3K,360
https://ap3k.com/de/help/contacts-leads,200,https://ap3k.com/de/help/contacts-leads,"index, follow",True,de,AP3K source,retain,Kontakte und Leitungen | AP3K,364
https://ap3k.com/de/help/opening-final-dm,200,https://ap3k.com/de/help/opening-final-dm,"index, follow",True,de,AP3K source,retain,"Direkte Nachricht öffnen, Anfrage folgen und endgültige Direkte Nachricht | AP3K",596
https://ap3k.com/de/help/plans-usage,200,https://ap3k.com/de/help/plans-usage,"index, follow",True,de,AP3K source,retain,"Pläne, Nutzung und KI-Grenzwerte | AP3K",391
https://ap3k.com/de/help/privacy-delete,200,https://ap3k.com/de/help/privacy-delete,"index, follow",True,de,AP3K source,retain,"Privatsphäre, Trennung und Löschung des Kontos | AP3K",466
https://ap3k.com/de/help/reconnect-instagram,200,https://ap3k.com/de/help/reconnect-instagram,"index, follow",True,de,AP3K source,retain,Instagram-Konto erneut verbinden oder hinzufügen | AP3K,481
https://ap3k.com/de/help/refer-earn,200,https://ap3k.com/de/help/refer-earn,"index, follow",True,de,AP3K source,retain,Freunde empfehlen und Provisionen verdienen | AP3K,363
https://ap3k.com/de/instagram-automation-for-coaches,200,https://ap3k.com/de/instagram-automation-for-coaches,"index, follow",True,de,AP3K source,retain,Interesse an Coaching vom Kommentar ins Gespräch führen | AP3K,521
https://ap3k.com/de/instagram-story-automation,200,https://ap3k.com/de/instagram-story-automation,"index, follow",True,de,AP3K source,retain,Interesse an Instagram-Stories per DM weiterführen | AP3K,498
https://ap3k.com/de/pricing,200,https://ap3k.com/de/pricing,"index, follow",True,de,AP3K source,retain,"AP3K Preise — Instagram-Tarife Kostenlos, Pro und Business",657
https://ap3k.com/de/refund-policy,200,https://ap3k.com/de/refund-policy,"index, follow",True,de,AP3K source,retain,Rückerstattungspolitik — AP3K,239
https://ap3k.com/docs/ai-connectors-mcp/connect-ap3k-to-cursor,200,https://ap3k.com/docs/ai-connectors-mcp/connect-ap3k-to-cursor,"index, follow",True,en,AP3K source,retain,Connect AP3K to Cursor | AP3K Docs,511
https://ap3k.com/docs/chat-automation/create-a-chat-automation,200,https://ap3k.com/docs/chat-automation/create-a-chat-automation,"index, follow",True,en,AP3K source,retain,Create an Instagram Chat Automation | AP3K Docs,770
https://ap3k.com/docs/flow-builder/action-node,200,https://ap3k.com/docs/flow-builder/action-node,"index, follow",True,en,AP3K source,retain,"Action Node: Tags, Custom Fields and API Requests | AP3K Docs",648
https://ap3k.com/docs/flow-builder/ai-flow-builder,200,https://ap3k.com/docs/flow-builder/ai-flow-builder,"index, follow",True,en,AP3K source,retain,AI Flow Builder: Build a Flow from a Prompt | AP3K Docs,605
https://ap3k.com/docs/flow-builder/conditions-node,200,https://ap3k.com/docs/flow-builder/conditions-node,"index, follow",True,en,AP3K source,retain,Conditions Node: Branch a Flow with Yes and No Paths | AP3K Docs,556
https://ap3k.com/docs/flow-builder/flow-templates,200,https://ap3k.com/docs/flow-builder/flow-templates,"index, follow",True,en,AP3K source,retain,Flow Templates: Start From a Ready-Made Automation | AP3K Docs,622
https://ap3k.com/docs/flow-builder/wiring-basics,200,https://ap3k.com/docs/flow-builder/wiring-basics,"index, follow",True,en,AP3K source,retain,"Flow Builder Wiring Basics: Nodes, Handles and Connectors | AP3K Docs",686
https://ap3k.com/docs/how-tos/add-another-instagram-account,200,https://ap3k.com/docs/how-tos/add-another-instagram-account,"index, follow",True,en,AP3K source,retain,Add another Instagram account | AP3K Docs,546
https://ap3k.com/docs/how-tos/backtrack-comments-in-automation,200,https://ap3k.com/docs/how-tos/backtrack-comments-in-automation,"index, follow",True,en,AP3K source,retain,Backtrack Comments in an Automation | AP3K Docs,543
https://ap3k.com/docs/migrating-from-manychat/after-migration,200,https://ap3k.com/docs/migrating-from-manychat/after-migration,"index, follow",True,en,AP3K source,retain,After Migrating from ManyChat: Test and Close the Old Account | AP3K Docs,612
https://ap3k.com/docs/migrating-from-manychat/disconnect-manychat-from-facebook,200,https://ap3k.com/docs/migrating-from-manychat/disconnect-manychat-from-facebook,"index, follow",True,en,AP3K source,retain,Disconnect ManyChat from Facebook | AP3K Docs,591
https://ap3k.com/docs/post-automation/choose-which-post-or-reel-to-automate,200,https://ap3k.com/docs/post-automation/choose-which-post-or-reel-to-automate,"index, follow",True,en,AP3K source,retain,Choose Which Post or Reel an Automation Watches | AP3K Docs,695
https://ap3k.com/docs/post-automation/dm-message-variations,200,https://ap3k.com/docs/post-automation/dm-message-variations,"index, follow",True,en,AP3K source,retain,Message Variations: Stop Every DM Reading the Same | AP3K Docs,790
https://ap3k.com/docs/post-automation/send-follow-up-messages-with-conditions,200,https://ap3k.com/docs/post-automation/send-follow-up-messages-with-conditions,"index, follow",True,en,AP3K source,retain,Follow-Up Messages and When They Send | AP3K Docs,938
https://ap3k.com/docs/post-automation/send-images-video-gifs-and-carousels-in-dms,200,https://ap3k.com/docs/post-automation/send-images-video-gifs-and-carousels-in-dms,"index, follow",True,en,AP3K source,retain,"Send Images, Video, GIFs and Carousels in a DM | AP3K Docs",796
https://ap3k.com/docs/queue/check-dm-queue-status,200,https://ap3k.com/docs/queue/check-dm-queue-status,"index, follow",True,en,AP3K source,retain,Check Your DM Queue Status | AP3K Docs,509
https://ap3k.com/docs/queue/dm-queue,200,https://ap3k.com/docs/queue/dm-queue,"index, follow",True,en,AP3K source,retain,DM Queue | AP3K Docs,524
https://ap3k.com/docs/queue/how-the-dm-queue-works,200,https://ap3k.com/docs/queue/how-the-dm-queue-works,"index, follow",True,en,AP3K source,retain,How the DM Queue Works | AP3K Docs,598
https://ap3k.com/docs/troubleshoot/fix-instagram-automation-not-working,200,https://ap3k.com/docs/troubleshoot/fix-instagram-automation-not-working,"index, follow",True,en,AP3K source,retain,How to Fix Instagram Automation Not Working | AP3K Docs,654
https://ap3k.com/docs/troubleshoot/fix-instagram-dm-access-disabled,200,https://ap3k.com/docs/troubleshoot/fix-instagram-dm-access-disabled,"index, follow",True,en,AP3K source,retain,Fix 'The Account Owner Has Disabled Access to Instagram Direct Messages' | AP3K Docs,753
https://ap3k.com/docs/troubleshoot/fix-post-thumbnail-not-loading,200,https://ap3k.com/docs/troubleshoot/fix-post-thumbnail-not-loading,"index, follow",True,en,AP3K source,retain,A Post Thumbnail Won't Load | AP3K Docs,687
https://ap3k.com/docs/why/instagram-professional-account-is-required,200,https://ap3k.com/docs/why/instagram-professional-account-is-required,"index, follow",True,en,AP3K source,retain,Why an Instagram Professional Account Is Required | AP3K Docs,541
https://ap3k.com/docs/zapier/ap3k-trigger-events-in-zapier,200,https://ap3k.com/docs/zapier/ap3k-trigger-events-in-zapier,"index, follow",True,en,AP3K source,retain,AP3K Trigger Events in Zapier | AP3K Docs,486
https://ap3k.com/docs/zapier/ap3k-zapier-integration,200,https://ap3k.com/docs/zapier/ap3k-zapier-integration,"index, follow",True,en,AP3K source,retain,The AP3K Zapier Integration | AP3K Docs,603
https://ap3k.com/docs/zapier/connect-ap3k-to-zapier,200,https://ap3k.com/docs/zapier/connect-ap3k-to-zapier,"index, follow",True,en,AP3K source,retain,Connect AP3K to Zapier | AP3K Docs,587
https://ap3k.com/docs/zapier/sync-email-and-phone-updates-to-zapier,200,https://ap3k.com/docs/zapier/sync-email-and-phone-updates-to-zapier,"index, follow",True,en,AP3K source,retain,Sync Email and Phone Updates to Zapier | AP3K Docs,518
https://ap3k.com/docs/zapier/trigger-zaps-when-contact-tags-change,200,https://ap3k.com/docs/zapier/trigger-zaps-when-contact-tags-change,"index, follow",True,en,AP3K source,retain,Trigger Zaps When Contact Tags Are Added or Removed | AP3K Docs,534
https://ap3k.com/es/blog/ai-instagram-dm-autoresponder,200,https://ap3k.com/es/blog/ai-instagram-dm-autoresponder,"index, follow",True,es,AP3K source,retain,Crea un asistente de IA para DM de Instagram con respuestas fiables | AP3K,683
https://ap3k.com/es/blog/automate-instagram-dms-from-comments,200,https://ap3k.com/es/blog/automate-instagram-dms-from-comments,"index, follow",True,es,AP3K source,retain,Cómo automatizar DM de Instagram a partir de comentarios | AP3K,928
https://ap3k.com/es/blog/create-instagram-keyword-campaign,200,https://ap3k.com/es/blog/create-instagram-keyword-campaign,"index, follow",True,es,AP3K source,retain,Cómo crear una campaña de automatización de palabras clave Instagram | AP3K,894
https://ap3k.com/es/blog/manage-instagram-dms-and-comments-faster,200,https://ap3k.com/es/blog/manage-instagram-dms-and-comments-faster,"index, follow",True,es,AP3K source,retain,Cómo gestionar los DM y comentarios de Instagram más rápido | AP3K,690
https://ap3k.com/es/blog?page=10,200,https://ap3k.com/es/blog?page=10,"index, follow",True,es,AP3K source,retain,Guías de automatización de Instagram y mensajes — Página 10 | AP3K,503
https://ap3k.com/es/blog?page=16,200,https://ap3k.com/es/blog?page=16,"index, follow",True,es,AP3K source,retain,Guías de automatización de Instagram y mensajes — Página 16 | AP3K,517
https://ap3k.com/es/blog?page=17,200,https://ap3k.com/es/blog?page=17,"index, follow",True,es,AP3K source,retain,Guías de automatización de Instagram y mensajes — Página 17 | AP3K,529
https://ap3k.com/es/blog?page=18,200,https://ap3k.com/es/blog?page=18,"index, follow",True,es,AP3K source,retain,Guías de automatización de Instagram y mensajes — Página 18 | AP3K,523
https://ap3k.com/es/blog?page=19,200,https://ap3k.com/es/blog?page=19,"index, follow",True,es,AP3K source,retain,Guías de automatización de Instagram y mensajes — Página 19 | AP3K,520
https://ap3k.com/es/blog?page=20,200,https://ap3k.com/es/blog?page=20,"index, follow",True,es,AP3K source,retain,Guías de automatización de Instagram y mensajes — Página 20 | AP3K,531
https://ap3k.com/es/blog?page=3,200,https://ap3k.com/es/blog?page=3,"index, follow",True,es,AP3K source,retain,Guías de automatización de Instagram y mensajes — Página 3 | AP3K,518
https://ap3k.com/es/blog?page=8,200,https://ap3k.com/es/blog?page=8,"index, follow",True,es,AP3K source,retain,Guías de automatización de Instagram y mensajes — Página 8 | AP3K,495
https://ap3k.com/es/help/ai-knowledge,200,https://ap3k.com/es/help/ai-knowledge,"index, follow",True,es,AP3K source,retain,Enseñe AI sobre su negocio | AP3K,547
https://ap3k.com/es/help/billing-troubleshooting,200,https://ap3k.com/es/help/billing-troubleshooting,"index, follow",True,es,AP3K source,retain,Facturación y ayuda a la suscripción | AP3K,422
https://ap3k.com/es/help/contacts-leads,200,https://ap3k.com/es/help/contacts-leads,"index, follow",True,es,AP3K source,retain,Contactos y guías | AP3K,413
https://ap3k.com/es/help/plans-usage,200,https://ap3k.com/es/help/plans-usage,"index, follow",True,es,AP3K source,retain,"Planes, uso y límites de IA | AP3K",442
https://ap3k.com/es/help/privacy-delete,200,https://ap3k.com/es/help/privacy-delete,"index, follow",True,es,AP3K source,retain,"Privacidad, desconexión y eliminación de cuenta | AP3K",521
https://ap3k.com/es/help/reconnect-instagram,200,https://ap3k.com/es/help/reconnect-instagram,"index, follow",True,es,AP3K source,retain,Reconectar o añadir una cuenta de Instagram | AP3K,530
https://ap3k.com/es/help/refer-earn,200,https://ap3k.com/es/help/refer-earn,"index, follow",True,es,AP3K source,retain,Invita a amigos y gana comisiones | AP3K,426
https://ap3k.com/es/instagram-auto-reply,200,https://ap3k.com/es/instagram-auto-reply,"index, follow",True,es,AP3K source,retain,Crea respuestas automáticas de Instagram claras y naturales | AP3K,630
https://ap3k.com/es/instagram-story-automation,200,https://ap3k.com/es/instagram-story-automation,"index, follow",True,es,AP3K source,retain,Continúa por mensaje privado el interés generado por tus historias | AP3K,599
https://ap3k.com/es/pricing,200,https://ap3k.com/es/pricing,"index, follow",True,es,AP3K source,retain,"Precios de AP3K — Planes Gratis, Pro y Business",820
https://ap3k.com/fr/blog/ai-instagram-dm-autoresponder,200,https://ap3k.com/fr/blog/ai-instagram-dm-autoresponder,"index, follow",True,fr,AP3K source,retain,Créer un répondeur IA Instagram avec des réponses fiables | AP3K,670
https://ap3k.com/fr/blog/automate-every-instagram-comment,200,https://ap3k.com/fr/blog/automate-every-instagram-comment,"index, follow",True,fr,AP3K source,retain,Comment répondre automatiquement avec le déclencheur « Tout commentaire » | AP3K,801
https://ap3k.com/fr/blog/automate-instagram-dms-from-comments,200,https://ap3k.com/fr/blog/automate-instagram-dms-from-comments,"index, follow",True,fr,AP3K source,retain,Comment automatiser les DM Instagram à partir des commentaires | AP3K,924
https://ap3k.com/fr/blog/automatic-instagram-links-and-replies,200,https://ap3k.com/fr/blog/automatic-instagram-links-and-replies,"index, follow",True,fr,AP3K source,retain,Comment envoyer automatiquement des liens et des réponses sur Instagram | AP3K,682
https://ap3k.com/fr/blog/compare-instagram-dm-automation-tools,200,https://ap3k.com/fr/blog/compare-instagram-dm-automation-tools,"index, follow",True,fr,AP3K source,retain,Comparer les outils de DM Instagram : AP3K et alternatives | AP3K,753
https://ap3k.com/fr/blog/create-instagram-keyword-campaign,200,https://ap3k.com/fr/blog/create-instagram-keyword-campaign,"index, follow",True,fr,AP3K source,retain,Comment créer une campagne d'automatisation de mots-clés Instagram | AP3K,879
https://ap3k.com/fr/blog/instagram-automation-business-creator-accounts,200,https://ap3k.com/fr/blog/instagram-automation-business-creator-accounts,"index, follow",True,fr,AP3K source,retain,Automatiser Instagram pour les entreprises et les créateurs | AP3K,569
https://ap3k.com/fr/blog/instagram-comment-reply-vs-dm,200,https://ap3k.com/fr/blog/instagram-comment-reply-vs-dm,"index, follow",True,fr,AP3K source,retain,Réponse au commentaire Instagram ou DM : que faut-il automatiser ? | AP3K,623
https://ap3k.com/fr/blog/is-instagram-dm-automation-safe,200,https://ap3k.com/fr/blog/is-instagram-dm-automation-safe,"index, follow",True,fr,AP3K source,retain,L’automatisation des DM Instagram est-elle sûre ? Règles et risques | AP3K,690
https://ap3k.com/fr/blog?page=16,200,https://ap3k.com/fr/blog?page=16,"index, follow",True,fr,AP3K source,retain,Guides Instagram : automatisation et messages privés — Page 16 | AP3K,488
https://ap3k.com/fr/blog?page=17,200,https://ap3k.com/fr/blog?page=17,"index, follow",True,fr,AP3K source,retain,Guides Instagram : automatisation et messages privés — Page 17 | AP3K,500
https://ap3k.com/fr/blog?page=18,200,https://ap3k.com/fr/blog?page=18,"index, follow",True,fr,AP3K source,retain,Guides Instagram : automatisation et messages privés — Page 18 | AP3K,494
https://ap3k.com/fr/blog?page=19,200,https://ap3k.com/fr/blog?page=19,"index, follow",True,fr,AP3K source,retain,Guides Instagram : automatisation et messages privés — Page 19 | AP3K,491
https://ap3k.com/fr/blog?page=20,200,https://ap3k.com/fr/blog?page=20,"index, follow",True,fr,AP3K source,retain,Guides Instagram : automatisation et messages privés — Page 20 | AP3K,502
https://ap3k.com/fr/blog?page=3,200,https://ap3k.com/fr/blog?page=3,"index, follow",True,fr,AP3K source,retain,Guides Instagram : automatisation et messages privés — Page 3 | AP3K,489
https://ap3k.com/fr/blog?page=5,200,https://ap3k.com/fr/blog?page=5,"index, follow",True,fr,AP3K source,retain,Guides Instagram : automatisation et messages privés — Page 5 | AP3K,482
https://ap3k.com/fr/blog?page=9,200,https://ap3k.com/fr/blog?page=9,"index, follow",True,fr,AP3K source,retain,Guides Instagram : automatisation et messages privés — Page 9 | AP3K,489
https://ap3k.com/fr/contact,200,https://ap3k.com/fr/contact,"index, follow",True,fr,AP3K source,retain,Contacter le support AP3K,362
https://ap3k.com/fr/data-deletion,200,https://ap3k.com/fr/data-deletion,"index, follow",True,fr,AP3K source,retain,Instructions de suppression des données — AP3K,469
https://ap3k.com/fr/help/ai-safety,200,https://ap3k.com/fr/help/ai-safety,"index, follow",True,fr,AP3K source,retain,Sécurité de l'IA et protection des commentaires | AP3K,537
https://ap3k.com/fr/help/automation-troubleshooting,200,https://ap3k.com/fr/help/automation-troubleshooting,"index, follow",True,fr,AP3K source,retain,Pourquoi une automatisation n'a pas répondu | AP3K,587
https://ap3k.com/fr/help/connect-instagram,200,https://ap3k.com/fr/help/connect-instagram,"index, follow",True,fr,AP3K source,retain,Connectez Instagram | AP3K,516
https://ap3k.com/fr/help/contacts-leads,200,https://ap3k.com/fr/help/contacts-leads,"index, follow",True,fr,AP3K source,retain,Contacts et pistes | AP3K,415
https://ap3k.com/fr/help/create-automation,200,https://ap3k.com/fr/help/create-automation,"index, follow",True,fr,AP3K source,retain,Créez une automatisation de commentaires | AP3K,721
https://ap3k.com/fr/help/inbox,200,https://ap3k.com/fr/help/inbox,"index, follow",True,fr,AP3K source,retain,Utilisez la boîte de réception Instagram | AP3K,369
https://ap3k.com/fr/help/plans-usage,200,https://ap3k.com/fr/help/plans-usage,"index, follow",True,fr,AP3K source,retain,"Plans, utilisation et limites d'IA | AP3K",443
https://ap3k.com/fr/help/privacy-delete,200,https://ap3k.com/fr/help/privacy-delete,"index, follow",True,fr,AP3K source,retain,"Confidentialité, déconnexion et suppression de compte | AP3K",518
https://ap3k.com/fr/help/reconnect-instagram,200,https://ap3k.com/fr/help/reconnect-instagram,"index, follow",True,fr,AP3K source,retain,Reconnecter ou ajouter un compte Instagram | AP3K,520
https://ap3k.com/fr/help/refer-earn,200,https://ap3k.com/fr/help/refer-earn,"index, follow",True,fr,AP3K source,retain,Parrainez des amis et gagnez des commissions | AP3K,422
https://ap3k.com/fr/instagram-auto-reply,200,https://ap3k.com/fr/instagram-auto-reply,"index, follow",True,fr,AP3K source,retain,Créez des réponses automatiques Instagram claires et naturelles | AP3K,616
https://ap3k.com/fr/instagram-automation-for-coaches,200,https://ap3k.com/fr/instagram-automation-for-coaches,"index, follow",True,fr,AP3K source,retain,Transformez l’intérêt pour votre coaching en conversations privées | AP3K,599
https://ap3k.com/fr/instagram-automation-for-creators,200,https://ap3k.com/fr/instagram-automation-for-creators,"index, follow",True,fr,AP3K source,retain,Transformez l’engagement de votre communauté en suivi à grande échelle | AP3K,571
https://ap3k.com/fr/pricing,200,https://ap3k.com/fr/pricing,"index, follow",True,fr,AP3K source,retain,"Tarifs AP3K — Offres Instagram Gratuit, Pro et Business",827
https://ap3k.com/help/ai-safety,200,https://ap3k.com/help/ai-safety,"index, follow",True,en,AP3K source,retain,AI safety and comment protection | AP3K,489
https://ap3k.com/help/ai-setup,200,https://ap3k.com/help/ai-setup,"index, follow",True,en,AP3K source,retain,Set up AP3K AI | AP3K,709
https://ap3k.com/help/automation-troubleshooting,200,https://ap3k.com/help/automation-troubleshooting,"index, follow",True,en,AP3K source,retain,Why an automation did not reply | AP3K,548
https://ap3k.com/help/contacts-leads,200,https://ap3k.com/help/contacts-leads,"index, follow",True,en,AP3K source,retain,Contacts and leads | AP3K,370
https://ap3k.com/help/create-automation,200,https://ap3k.com/help/create-automation,"index, follow",True,en,AP3K source,retain,Create a comment automation | AP3K,684
https://ap3k.com/help/privacy-delete,200,https://ap3k.com/help/privacy-delete,"index, follow",True,en,AP3K source,retain,"Privacy, disconnection, and account deletion | AP3K",476
https://ap3k.com/help/reconnect-instagram,200,https://ap3k.com/help/reconnect-instagram,"index, follow",True,en,AP3K source,retain,Reconnect or add an Instagram account | AP3K,487
https://ap3k.com/help/refer-earn,200,https://ap3k.com/help/refer-earn,"index, follow",True,en,AP3K source,retain,Refer friends and earn commissions | AP3K,381
https://ap3k.com/instagram-automation-for-agencies,200,https://ap3k.com/instagram-automation-for-agencies,"index, follow",True,en,AP3K source,retain,Instagram Automation for Agencies | AP3K,565
https://ap3k.com/privacy,200,https://ap3k.com/privacy,"index, follow",True,en,AP3K source,retain,Privacy Policy — AP3K,724
https://ap3k.com/pt/blog/automate-every-instagram-comment,200,https://ap3k.com/pt/blog/automate-every-instagram-comment,"index, follow",True,pt,AP3K source,retain,Como automatizar cada comentário Instagram com qualquer comentário | AP3K,796
https://ap3k.com/pt/blog/is-instagram-dm-automation-safe,200,https://ap3k.com/pt/blog/is-instagram-dm-automation-safe,"index, follow",True,pt,AP3K source,retain,A automação de DMs no Instagram é segura? Regras e riscos | AP3K,690
https://ap3k.com/pt/blog?page=15,200,https://ap3k.com/pt/blog?page=15,"index, follow",True,pt,AP3K source,retain,Guias de automação do Instagram e mensagens — Página 15 | AP3K,509
https://ap3k.com/pt/blog?page=17,200,https://ap3k.com/pt/blog?page=17,"index, follow",True,pt,AP3K source,retain,Guias de automação do Instagram e mensagens — Página 17 | AP3K,531
https://ap3k.com/pt/blog?page=18,200,https://ap3k.com/pt/blog?page=18,"index, follow",True,pt,AP3K source,retain,Guias de automação do Instagram e mensagens — Página 18 | AP3K,525
https://ap3k.com/pt/blog?page=19,200,https://ap3k.com/pt/blog?page=19,"index, follow",True,pt,AP3K source,retain,Guias de automação do Instagram e mensagens — Página 19 | AP3K,522
https://ap3k.com/pt/blog?page=2,200,https://ap3k.com/pt/blog?page=2,"index, follow",True,pt,AP3K source,retain,Guias de automação do Instagram e mensagens — Página 2 | AP3K,551
https://ap3k.com/pt/blog?page=20,200,https://ap3k.com/pt/blog?page=20,"index, follow",True,pt,AP3K source,retain,Guias de automação do Instagram e mensagens — Página 20 | AP3K,533
https://ap3k.com/pt/blog?page=5,200,https://ap3k.com/pt/blog?page=5,"index, follow",True,pt,AP3K source,retain,Guias de automação do Instagram e mensagens — Página 5 | AP3K,513
https://ap3k.com/pt/blog?page=7,200,https://ap3k.com/pt/blog?page=7,"index, follow",True,pt,AP3K source,retain,Guias de automação do Instagram e mensagens — Página 7 | AP3K,508
https://ap3k.com/pt/blog?page=8,200,https://ap3k.com/pt/blog?page=8,"index, follow",True,pt,AP3K source,retain,Guias de automação do Instagram e mensagens — Página 8 | AP3K,497
https://ap3k.com/pt/blog?page=9,200,https://ap3k.com/pt/blog?page=9,"index, follow",True,pt,AP3K source,retain,Guias de automação do Instagram e mensagens — Página 9 | AP3K,520
https://ap3k.com/pt/contact,200,https://ap3k.com/pt/contact,"index, follow",True,pt,AP3K source,retain,Contato Suporte AP3K,362
https://ap3k.com/pt/help/ai-setup,200,https://ap3k.com/pt/help/ai-setup,"index, follow",True,pt,AP3K source,retain,Configurar o AP3K AI | AP3K,758
https://ap3k.com/pt/help/billing-troubleshooting,200,https://ap3k.com/pt/help/billing-troubleshooting,"index, follow",True,pt,AP3K source,retain,Ajuda à faturação e assinatura | AP3K,414
https://ap3k.com/pt/help/create-automation,200,https://ap3k.com/pt/help/create-automation,"index, follow",True,pt,AP3K source,retain,Criar um comentário automação | AP3K,722
https://ap3k.com/pt/help/privacy-delete,200,https://ap3k.com/pt/help/privacy-delete,"index, follow",True,pt,AP3K source,retain,"Privacidade, desconexão e exclusão de contas | AP3K",517
https://ap3k.com/pt/help/reconnect-instagram,200,https://ap3k.com/pt/help/reconnect-instagram,"index, follow",True,pt,AP3K source,retain,Voltar a ligar ou adicionar uma conta do Instagram | AP3K,541
https://ap3k.com/pt/help/refer-earn,200,https://ap3k.com/pt/help/refer-earn,"index, follow",True,pt,AP3K source,retain,Indique amigos e ganhe comissões | AP3K,415
https://ap3k.com/resources,200,https://ap3k.com/resources,"index, follow",True,en,AP3K source,retain,Free Instagram Comment Automation Resources | AP3K,271
https://ap3k.com/resources/instagram-comment-automation-checklist,200,https://ap3k.com/resources/instagram-comment-automation-checklist,"index, follow",True,en,AP3K source,retain,Instagram Comment Automation Checklist | Free AP3K Resource,394
https://ap3k.com/solutions,200,https://ap3k.com/solutions,"index, follow",True,en,AP3K source,retain,Instagram Automation Solutions | AP3K,502
https://ap3k.com/terms,200,https://ap3k.com/terms,"index, follow",True,en,AP3K source,retain,Terms of Service — AP3K,684
https://ap3k.com/tools/instagram-comment-to-dm-calculator,200,https://ap3k.com/tools/instagram-comment-to-dm-calculator,"index, follow",True,en,AP3K source,retain,Instagram Comment-to-DM Funnel Calculator | AP3K,232
